"MSW05_Order","MSW05_Family","MSW05_Genus","MSW05_Species","MSW05_Binomial","AdultBodyMass_g","BasalMetRate_mLO2hr","Met-Gram","MaxLongevity_m"
"Chiroptera","Mormoopidae","Pteronotus","quadridens","Pteronotus quadridens",5.64,6.12,1.0851063829787235,*
"Chiroptera","Vespertilionidae","Myotis","velifer","Myotis velifer",9.82,7.7,0.7841140529531568,135.96
"Afrosoricida","Tenrecidae","Geogale","aurita","Geogale aurita",6.69,7.72,1.1539611360239161,*
"Chiroptera","Mormoopidae","Mormoops","blainvillei","Mormoops blainvillei",8.69,7.99,0.9194476409666283,*
"Chiroptera","Natalidae","Natalus","tumidirostris","Natalus tumidirostris",6.3,8.31,1.3190476190476192,*
"Chiroptera","Vespertilionidae","Myotis","yumanensis","Myotis yumanensis",5.15,8.5,1.6504854368932038,105.96
"Chiroptera","Vespertilionidae","Myotis","lucifugus","Myotis lucifugus",7.8,9.29,1.191025641025641,408
"Chiroptera","Hipposideridae","Hipposideros","galeritus","Hipposideros galeritus",10.17,9.35,0.9193706981317601,*
"Chiroptera","Vespertilionidae","Histiotus","velatus","Histiotus velatus",11.32,9.96,0.8798586572438163,*
"Chiroptera","Vespertilionidae","Nycticeius","humeralis","Nycticeius humeralis",9.12,10.72,1.1754385964912282,60
"Chiroptera","Molossidae","Nyctinomops","laticaudatus","Nyctinomops laticaudatus",13.12,11.06,0.8429878048780489,*
"Chiroptera","Phyllostomidae","Monophyllus","redmani","Monophyllus redmani",8.79,11.13,1.2662116040955633,*
"Chiroptera","Emballonuridae","Peropteryx","macrotis","Peropteryx macrotis",5.68,12.38,2.1795774647887325,*
"Rodentia","Heteromyidae","Perognathus","longimembris","Perognathus longimembris",8.07,12.58,1.5588599752168526,99.6
"Dasyuromorphia","Dasyuridae","Planigale","maculata","Planigale maculata",12,12.85,1.0708333333333333,48
"Soricomorpha","Soricidae","Notiosorex","crawfordi","Notiosorex crawfordi",4.79,13.08,2.730688935281837,15
"Dasyuromorphia","Dasyuridae","Planigale","ingrami","Planigale ingrami",6.27,13.09,2.0877192982456143,15.6
"Dasyuromorphia","Dasyuridae","Planigale","gilesi","Planigale gilesi",9.34,13.1,1.4025695931477515,60
"Chiroptera","Molossidae","Tadarida","brasiliensis","Tadarida brasiliensis",12.61,13.44,1.0658207771609833,180
"Rodentia","Muridae","Dipodillus","dasyurus","Dipodillus dasyurus",27.5,13.46,0.4894545454545455,*
"Rodentia","Muridae","Gerbillus","pusillus","Gerbillus pusillus",12.55,13.48,1.0741035856573704,*
"Chiroptera","Vespertilionidae","Lasiurus","seminolus","Lasiurus seminolus",9.88,13.48,1.3643724696356274,*
"Chiroptera","Phyllostomidae","Macrotus","californicus","Macrotus californicus",11.83,14.62,1.2358410819949281,124.8
"Chiroptera","Emballonuridae","Saccopteryx","bilineata","Saccopteryx bilineata",8.08,14.97,1.8527227722772277,*
"Chiroptera","Mormoopidae","Pteronotus","davyi","Pteronotus davyi",9.52,15.32,1.6092436974789917,*
"Afrosoricida","Chrysochloridae","Eremitalpa","granti","Eremitalpa granti",22.04,15.39,0.6982758620689655,24
"Rodentia","Muridae","Gerbillus","gerbillus","Gerbillus gerbillus",26.99,15.53,0.5753982956650612,*
"Rodentia","Heteromyidae","Chaetodipus","intermedius","Chaetodipus intermedius",14.94,15.62,1.0455153949129852,*
"Dasyuromorphia","Dasyuridae","Ningaui","yvonnae","Ningaui yvonnae",9.3,15.66,1.6838709677419355,*
"Chiroptera","Phyllostomidae","Rhinophylla","fischerae","Rhinophylla fischerae",9.6,16.24,1.6916666666666667,*
"Chiroptera","Phyllostomidae","Rhinophylla","pumilio","Rhinophylla pumilio",9.58,16.24,1.695198329853862,*
"Chiroptera","Vespertilionidae","Lasiurus","cinereus","Lasiurus cinereus",27.06,16.51,0.6101256467110127,25.2
"Rodentia","Cricetidae","Baiomys","taylori","Baiomys taylori",7.43,17.08,2.2987886944818303,39.12
"Rodentia","Heteromyidae","Perognathus","flavus","Perognathus flavus",7.97,17.3,2.1706398996235885,60
"Rodentia","Muridae","Gerbillus","nanus","Gerbillus nanus",25.5,17.44,0.683921568627451,*
"Chiroptera","Vespertilionidae","Lasiurus","borealis","Lasiurus borealis",12.33,17.44,1.4144363341443635,*
"Chiroptera","Phyllostomidae","Erophylla","bombifrons","Erophylla bombifrons",16.28,17.71,1.0878378378378377,*
"Chiroptera","Vespertilionidae","Lasiurus","intermedius","Lasiurus intermedius",22.96,18.3,0.7970383275261324,*
"Chiroptera","Vespertilionidae","Antrozous","pallidus","Antrozous pallidus",22.24,18.7,0.8408273381294964,109.2
"Diprotodontia","Burramyidae","Cercartetus","lepidus","Cercartetus lepidus",8.03,18.77,2.3374844333748444,*
"Rodentia","Nesomyidae","Steatomys","pratensis","Steatomys pratensis",30.58,18.77,0.6137998691955526,*
"Chiroptera","Phyllostomidae","Choeroniscus","godmani","Choeroniscus godmani",7.9,19.08,2.415189873417721,*
"Rodentia","Heteromyidae","Microdipodops","pallidus","Microdipodops pallidus",13.36,19.5,1.4595808383233533,*
"Dasyuromorphia","Dasyuridae","Sminthopsis","crassicaudata","Sminthopsis crassicaudata",15.98,19.56,1.2240300375469335,51.6
"Didelphimorphia","Didelphidae","Gracilinanus","microtarsus","Gracilinanus microtarsus",29.3,19.6,0.6689419795221844,*
"Chiroptera","Molossidae","Molossus","molossus","Molossus molossus",13.7,20.13,1.4693430656934308,*
"Chiroptera","Vespertilionidae","Nyctophilus","gouldi","Nyctophilus gouldi",11.32,20.46,1.8074204946996466,*
"Chiroptera","Phyllostomidae","Vampyressa","pusilla","Vampyressa pusilla",8.77,20.5,2.33751425313569,*
"Dasyuromorphia","Dasyuridae","Sminthopsis","murina","Sminthopsis murina",17,20.51,1.2064705882352942,24
"Rodentia","Nesomyidae","Malacothrix","typica","Malacothrix typica",17.02,20.61,1.2109283196239717,*
"Soricomorpha","Soricidae","Crocidura","jouvenetae","Crocidura jouvenetae",9.79,20.9,2.134831460674157,*
"Chiroptera","Phyllostomidae","Glossophaga","soricina","Glossophaga soricina",9.97,21.07,2.1133400200601806,120
"Rodentia","Muridae","Micromys","minutus","Micromys minutus",6.99,21.07,3.0143061516452074,60
"Rodentia","Heteromyidae","Chaetodipus","californicus","Chaetodipus californicus",23.01,21.45,0.9322033898305084,*
"Rodentia","Cricetidae","Peromyscus","polionotus","Peromyscus polionotus",14.27,21.48,1.5052557813594956,*
"Chiroptera","Pteropodidae","Megaloglossus","woermanni","Megaloglossus woermanni",16.71,21.7,1.298623578695392,*
"Rodentia","Muridae","Mus","minutoides","Mus minutoides",6.43,22.19,3.451010886469674,37.2
"Diprotodontia","Burramyidae","Cercartetus","concinnus","Cercartetus concinnus",15.96,22.32,1.3984962406015038,*
"Chiroptera","Pteropodidae","Macroglossus","minimus","Macroglossus minimus",16.3,22.32,1.369325153374233,*
"Rodentia","Heteromyidae","Chaetodipus","penicillatus","Chaetodipus penicillatus",15.57,22.4,1.4386640976236351,*
"Rodentia","Cricetidae","Reithrodontomys","megalotis","Reithrodontomys megalotis",10.72,22.5,2.0988805970149254,18
"Soricomorpha","Soricidae","Crocidura","viaria","Crocidura viaria",16.49,22.95,1.3917525773195878,*
"Chiroptera","Mormoopidae","Pteronotus","personatus","Pteronotus personatus",7.99,22.96,2.873591989987484,*
"Rodentia","Muridae","Pseudomys","hermannsburgensis","Pseudomys hermannsburgensis",13.38,23.3,1.741405082212257,*
"Dasyuromorphia","Dasyuridae","Sminthopsis","macroura","Sminthopsis macroura",23.56,23.54,0.9991511035653651,58.8
"Rodentia","Muridae","Gerbillurus","tytonis","Gerbillurus tytonis",29.79,23.74,0.7969117153407184,*
"Dasyuromorphia","Dasyuridae","Antechinomys","laniger","Antechinomys laniger",25.57,24.4,0.9542432538130621,39.6
"Chiroptera","Mormoopidae","Mormoops","megalophylla","Mormoops megalophylla",16.09,24.42,1.5177128651336236,*
"Chiroptera","Pteropodidae","Syconycteris","australis","Syconycteris australis",17.6,24.76,1.4068181818181817,*
"Chiroptera","Vespertilionidae","Chalinolobus","gouldii","Chalinolobus gouldii",14.24,25.2,1.7696629213483146,*
"Rodentia","Bathyergidae","Heterocephalus","glaber","Heterocephalus glaber",39.36,25.74,0.6539634146341463,120
"Chiroptera","Phyllostomidae","Glossophaga","longirostris","Glossophaga longirostris",13.32,26.46,1.9864864864864864,*
"Chiroptera","Phyllostomidae","Uroderma","bilobatum","Uroderma bilobatum",16.28,26.56,1.6314496314496312,*
"Chiroptera","Phyllostomidae","Desmodus","rotundus","Desmodus rotundus",33.16,26.75,0.8066948130277444,234
"Soricomorpha","Soricidae","Crocidura","luna","Crocidura luna",13.83,26.88,1.9436008676789587,*
"Dasyuromorphia","Dasyuridae","Pseudantechinus","macdonnellensis","Pseudantechinus macdonnellensis",36.88,27.09,0.7345444685466377,36
"Rodentia","Cricetidae","Ochrotomys","nuttalli","Ochrotomys nuttalli",22.81,27.1,1.1880754055238931,30
"Rodentia","Muridae","Gerbillurus","paeba","Gerbillurus paeba",25.91,27.23,1.050945580856812,*
"Chiroptera","Noctilionidae","Noctilio","albiventris","Noctilio albiventris",31.46,27.54,0.8753973299427844,*
"Rodentia","Cricetidae","Calomys","musculinus","Calomys musculinus",20.2,27.59,1.365841584158416,*
"Rodentia","Cricetidae","Peromyscus","crinitus","Peromyscus crinitus",16.32,28.02,1.7169117647058822,*
"Rodentia","Muridae","Gerbillurus","vallinus","Gerbillurus vallinus",35.24,28.61,0.8118615209988649,*
"Rodentia","Cricetidae","Calomys","lepidus","Calomys lepidus",20.59,28.8,1.3987372510927636,*
"Diprotodontia","Tarsipedidae","Tarsipes","rostratus","Tarsipes rostratus",9.66,29,3.002070393374741,24
"Rodentia","Cricetidae","Onychomys","torridus","Onychomys torridus",21.68,29.6,1.3653136531365315,55.2
"Rodentia","Cricetidae","Peromyscus","eremicus","Peromyscus eremicus",22.73,29.61,1.3026836779586448,*
"Soricomorpha","Soricidae","Crocidura","russula","Crocidura russula",9.89,29.79,3.0121334681496457,38.4
"Soricomorpha","Soricidae","Crocidura","leucodon","Crocidura leucodon",10.88,29.83,2.74172794117647,36
"Soricomorpha","Soricidae","Crocidura","hildegardeae","Crocidura hildegardeae",10.28,29.9,2.9085603112840466,*
"Rodentia","Cricetidae","Eligmodontia","typus","Eligmodontia typus",17.37,29.99,1.7265400115141045,9.6
"Rodentia","Heteromyidae","Chaetodipus","fallax","Chaetodipus fallax",19.19,30.2,1.5737363210005209,99.6
"Soricomorpha","Soricidae","Crocidura","poensis","Crocidura poensis",17.05,30.42,1.7841642228739003,*
"Chiroptera","Vespertilionidae","Eptesicus","fuscus","Eptesicus fuscus",17.49,30.42,1.7392795883361925,240
"Chiroptera","Mormoopidae","Pteronotus","parnellii","Pteronotus parnellii",19.59,30.72,1.5681470137825422,*
"Rodentia","Heteromyidae","Microdipodops","megacephalus","Microdipodops megacephalus",12.3,30.82,2.505691056910569,65
"Rodentia","Muridae","Gerbillus","andersoni","Gerbillus andersoni",27.5,30.83,1.1210909090909091,*
"Rodentia","Cricetidae","Scotinomys","teguina","Scotinomys teguina",11.59,31.2,2.69197584124245,*
"Chiroptera","Phyllostomidae","Chiroderma","doriae","Chiroderma doriae",19.9,31.24,1.5698492462311557,*
"Chiroptera","Phyllostomidae","Carollia","perspicillata","Carollia perspicillata",19.23,31.43,1.6344253770150805,148.8
"Rodentia","Cricetidae","Scotinomys","xerampelinus","Scotinomys xerampelinus",15.07,31.92,2.1181154611811546,*
"Rodentia","Dipodidae","Sicista","betulina","Sicista betulina",8.92,32,3.587443946188341,48
"Rodentia","Muridae","Rhabdomys","pumilio","Rhabdomys pumilio",40.73,32.09,0.7878713479008104,34.8
"Chiroptera","Phyllostomidae","Platyrrhinus","lineatus","Platyrrhinus lineatus",24.34,32.19,1.3225143796220213,122.4
"Chiroptera","Pteropodidae","Paranyctimene","raptor","Paranyctimene raptor",24.94,32.54,1.304731355252606,*
"Rodentia","Muridae","Gerbillurus","setzeri","Gerbillurus setzeri",38.29,32.73,0.8547923739879864,*
"Soricomorpha","Soricidae","Sorex","minutus","Sorex minutus",4.32,32.84,7.601851851851852,24
"Chiroptera","Phyllostomidae","Artibeus","concolor","Artibeus concolor",19.65,32.89,1.6737913486005092,*
"Rodentia","Muridae","Mastomys","natalensis","Mastomys natalensis",41.85,32.97,0.7878136200716845,*
"Chiroptera","Pteropodidae","Nyctimene","albiventer","Nyctimene albiventer",29.95,33.31,1.112186978297162,*
"Chiroptera","Phyllostomidae","Diphylla","ecaudata","Diphylla ecaudata",28.11,33.91,1.206332266097474,*
"Rodentia","Cricetidae","Peromyscus","leucopus","Peromyscus leucopus",18.07,33.91,1.876591034864416,38
"Chiroptera","Phyllostomidae","Leptonycteris","curasoae","Leptonycteris curasoae",25.27,34.08,1.3486347447566285,*
"Chiroptera","Phyllostomidae","Diaemus","youngi","Diaemus youngi",36.71,34.22,0.9321710705529828,*
"Chiroptera","Phyllostomidae","Phyllostomus","discolor","Phyllostomus discolor",36.7,34.5,0.9400544959128064,*
"Dasyuromorphia","Dasyuridae","Antechinus","stuartii","Antechinus stuartii",29.01,34.81,1.1999310582557738,36
"Chiroptera","Phyllostomidae","Anoura","caudifer","Anoura caudifer",10.81,35.07,3.2442183163737277,*
"Chiroptera","Vespertilionidae","Myotis","vivesi","Myotis vivesi",25.63,35.75,1.3948497854077253,120
"Rodentia","Cricetidae","Peromyscus","maniculatus","Peromyscus maniculatus",19.98,36.46,1.8248248248248249,*
"Diprotodontia","Burramyidae","Burramys","parvus","Burramys parvus",44.27,36.76,0.8303591597018296,144
"Rodentia","Cricetidae","Peromyscus","gossypinus","Peromyscus gossypinus",27.68,36.98,1.3359826589595374,15.5
"Rodentia","Heteromyidae","Chaetodipus","baileyi","Chaetodipus baileyi",28.44,38,1.3361462728551337,*
"Chiroptera","Phyllostomidae","Phyllostomus","elongatus","Phyllostomus elongatus",41.75,38.8,0.9293413173652694,*
"Chiroptera","Phyllostomidae","Tonatia","bidens","Tonatia bidens",27.7,39.18,1.4144404332129965,*
"Chiroptera","Phyllostomidae","Sturnira","lilium","Sturnira lilium",20.19,39.2,1.9415552253590886,*
"Rodentia","Dipodidae","Napaeozapus","insignis","Napaeozapus insignis",22.25,39.6,1.7797752808988765,48
"Chiroptera","Molossidae","Eumops","perotis","Eumops perotis",50.97,39.76,0.7800667059054346,*
"Rodentia","Cricetidae","Akodon","azarae","Akodon azarae",25.27,39.95,1.5809259992085478,*
"Chiroptera","Phyllostomidae","Sturnira","tildae","Sturnira tildae",24.39,39.97,1.6387863878638786,*
"Afrosoricida","Chrysochloridae","Chrysochloris","asiatica","Chrysochloris asiatica",37.16,40.8,1.0979547900968785,*
"Afrosoricida","Tenrecidae","Microgale","dobsoni","Microgale dobsoni",36.66,41.92,1.143480632842335,67.2
"Chiroptera","Pteropodidae","Melonycteris","melanops","Melonycteris melanops",47.59,43.18,0.9073334734187853,*
"Scandentia","Ptilocercidae","Ptilocercus","lowii","Ptilocercus lowii",42.5,43.5,1.0235294117647058,32.4
"Afrosoricida","Tenrecidae","Microgale","talazaci","Microgale talazaci",43.07,43.56,1.0113768284188531,70
"Macroscelidea","Macroscelididae","Elephantulus","brachyrhynchus","Elephantulus brachyrhynchus",45.11,43.57,0.9658612281090667,*
"Rodentia","Heteromyidae","Dipodomys","merriami","Dipodomys merriami",37.91,43.64,1.1511474544974942,24
"Chiroptera","Phyllostomidae","Leptonycteris","yerbabuenae","Leptonycteris yerbabuenae",22.24,44,1.9784172661870505,120
"Rodentia","Cricetidae","Peromyscus","truei","Peromyscus truei",27,44.05,1.6314814814814813,*
"Rodentia","Muridae","Sekeetamys","calurus","Sekeetamys calurus",56.61,44.05,0.7781310722487193,64.8
"Rodentia","Muridae","Acomys","spinosissimus","Acomys spinosissimus",26.5,44.12,1.6649056603773584,*
"Rodentia","Muridae","Notomys","cervinus","Notomys cervinus",34.79,44.15,1.2690428283989652,*
"Soricomorpha","Soricidae","Crocidura","flavescens","Crocidura flavescens",31.22,44.48,1.424727738629084,*
"Soricomorpha","Soricidae","Sorex","cinereus","Sorex cinereus",4.2,44.6,10.619047619047619,23
"Soricomorpha","Soricidae","Cryptotis","parva","Cryptotis parva",4.97,44.66,8.985915492957746,21
"Rodentia","Dipodidae","Zapus","hudsonius","Zapus hudsonius",18.43,45,2.441671188279978,60
"Dasyuromorphia","Dasyuridae","Antechinus","flavipes","Antechinus flavipes",44.33,45.1,1.0173697270471465,42
"Rodentia","Muridae","Notomys","alexis","Notomys alexis",32.34,45.22,1.398268398268398,62.4
"Rodentia","Cricetidae","Abrothrix","lanosus","Abrothrix lanosus",27.83,45.6,1.638519583183615,*
"Rodentia","Heteromyidae","Dipodomys","nitratoides","Dipodomys nitratoides",41.59,46.11,1.1086799711469102,*
"Rodentia","Cricetidae","Akodon","albiventer","Akodon albiventer",25.95,46.5,1.7919075144508672,*
"Dasyuromorphia","Dasyuridae","Dasycercus","cristicauda","Dasycercus cristicauda",99.54,46.62,0.4683544303797468,84
"Rodentia","Muridae","Gerbillus","perpallidus","Gerbillus perpallidus",52.22,46.65,0.8933358866334737,*
"Rodentia","Cricetidae","Peromyscus","keeni","Peromyscus keeni",28.25,46.69,1.6527433628318584,*
"Rodentia","Cricetidae","Microtus","mexicanus","Microtus mexicanus",34.88,46.94,1.3457568807339448,*
"Chiroptera","Pteropodidae","Cynopterus","brachyotis","Cynopterus brachyotis",33.87,47.49,1.4021257750221436,96
"Soricomorpha","Soricidae","Sorex","alpinus","Sorex alpinus",8.04,47.58,5.917910447761194,15.6
"Chiroptera","Pteropodidae","Eonycteris","spelaea","Eonycteris spelaea",58.7,47.98,0.8173764906303236,60
"Rodentia","Muridae","Micaelamys","namaquensis","Micaelamys namaquensis",57.1,48.13,0.842907180385289,*
"Rodentia","Heteromyidae","Liomys","salvini","Liomys salvini",41.99,48.37,1.1519409383186472,*
"Rodentia","Heteromyidae","Chaetodipus","hispidus","Chaetodipus hispidus",37.24,48.41,1.2999462943071964,*
"Rodentia","Bathyergidae","Cryptomys","amatus","Cryptomys amatus",76.74,48.51,0.6321344800625489,*
"Rodentia","Cricetidae","Abrothrix","olivaceus","Abrothrix olivaceus",24.52,49.19,2.0061174551386625,12
"Rodentia","Cricetidae","Microtus","subterraneus","Microtus subterraneus",17.74,49.48,2.789177001127396,*
"Rodentia","Cricetidae","Peromyscus","californicus","Peromyscus californicus",42.68,49.71,1.164714151827554,*
"Rodentia","Cricetidae","Lemmiscus","curtatus","Lemmiscus curtatus",28.27,50.29,1.7789175804740007,*
"Rodentia","Muridae","Apodemus","witherbyi","Apodemus witherbyi",20.66,50.5,2.4443368828654406,*
"Rodentia","Cricetidae","Oligoryzomys","longicaudatus","Oligoryzomys longicaudatus",27.54,51.01,1.8522149600580973,*
"Soricomorpha","Soricidae","Sorex","coronatus","Sorex coronatus",9.32,51.3,5.504291845493562,13.5
"Rodentia","Nesomyidae","Saccostomus","campestris","Saccostomus campestris",50.33,51.49,1.0230478839658257,33.6
"Rodentia","Cricetidae","Podomys","floridanus","Podomys floridanus",30.74,51.74,1.683148991541965,88
"Macroscelidea","Macroscelididae","Elephantulus","intufi","Elephantulus intufi",48.9,52.08,1.0650306748466258,105.6
"Soricomorpha","Soricidae","Sorex","ornatus","Sorex ornatus",5.31,52.28,9.84557438794727,17
"Macroscelidea","Macroscelididae","Macroscelides","proboscideus","Macroscelides proboscideus",38.64,52.57,1.3605072463768115,*
"Rodentia","Heteromyidae","Liomys","irroratus","Liomys irroratus",48.95,53.87,1.1005107252298263,*
"Rodentia","Cricetidae","Peromyscus","boylii","Peromyscus boylii",23.9,54.28,2.271129707112971,18
"Macroscelidea","Macroscelididae","Elephantulus","edwardii","Elephantulus edwardii",49.69,54.39,1.094586435902596,*
"Rodentia","Cricetidae","Myodes","gapperi","Myodes gapperi",19.83,54.72,2.75945537065053,20
"Rodentia","Cricetidae","Phyllotis","xanthopygus","Phyllotis xanthopygus",52.43,55.51,1.0587449933244326,*
"Rodentia","Cricetidae","Calomys","callosus","Calomys callosus",44.95,55.82,1.2418242491657396,*
"Diprotodontia","Burramyidae","Cercartetus","nanus","Cercartetus nanus",26.85,55.9,2.0819366852886403,96
"Rodentia","Cricetidae","Microtus","pinetorum","Microtus pinetorum",25.95,55.93,2.1552986512524086,33.6
"Chiroptera","Phyllostomidae","Artibeus","jamaicensis","Artibeus jamaicensis",43.63,56.5,1.2949805179922071,120
"Rodentia","Muridae","Mus","musculus","Mus musculus",19.3,56.76,2.9409326424870463,72
"Macroscelidea","Macroscelididae","Elephantulus","rufescens","Elephantulus rufescens",52.78,56.86,1.077302008336491,72
"Rodentia","Muridae","Apodemus","sylvaticus","Apodemus sylvaticus",21.9,56.98,2.601826484018265,52.8
"Rodentia","Cricetidae","Myodes","glareolus","Myodes glareolus",20.73,57.2,2.7592860588519055,58.8
"Soricomorpha","Soricidae","Crocidura","olivieri","Crocidura olivieri",34.42,57.45,1.669087739686229,*
"Rodentia","Cricetidae","Abrothrix","longipilis","Abrothrix longipilis",38.86,57.61,1.4825012866700977,*
"Rodentia","Muridae","Millardia","meltada","Millardia meltada",67.17,58.63,0.8728599076968885,*
"Rodentia","Cricetidae","Arborimus","longicaudus","Arborimus longicaudus",22.39,58.86,2.6288521661456006,*
"Rodentia","Cricetidae","Phodopus","campbelli","Phodopus campbelli",27.06,59.03,2.181448632668145,21.5
"Soricomorpha","Soricidae","Blarina","brevicauda","Blarina brevicauda",18.56,59.36,3.1982758620689657,33
"Rodentia","Cricetidae","Myodes","rufocanus","Myodes rufocanus",36.43,59.4,1.630524293164974,*
"Rodentia","Heteromyidae","Dipodomys","microps","Dipodomys microps",56.26,60.15,1.0691432634198366,*
"Soricomorpha","Soricidae","Sorex","araneus","Sorex araneus",9.18,60.23,6.561002178649237,24
"Rodentia","Cricetidae","Microtus","arvalis","Microtus arvalis",26.9,61,2.2676579925650557,36
"Rodentia","Cricetidae","Myodes","californicus","Myodes californicus",18.3,61.12,3.3398907103825133,*
"Didelphimorphia","Didelphidae","Monodelphis","domestica","Monodelphis domestica",93.45,61.25,0.6554307116104868,72
"Rodentia","Muridae","Lemniscomys","rosalia","Lemniscomys rosalia",49.92,61.29,1.2277644230769231,*
"Rodentia","Muridae","Mus","spretus","Mus spretus",16.67,61.91,3.7138572285542883,*
"Rodentia","Cricetidae","Myodes","rutilus","Myodes rutilus",19.94,62.87,3.1529588766298895,*
"Primates","Galagidae","Galago","demidoff","Galago demidoff",66.04,63.2,0.9569957601453664,168
"Rodentia","Muridae","Rattus","lutreolus","Rattus lutreolus",106,63.22,0.5964150943396226,29
"Rodentia","Heteromyidae","Dipodomys","ordii","Dipodomys ordii",50.4,63.97,1.2692460317460317,117.6
"Rodentia","Heteromyidae","Dipodomys","agilis","Dipodomys agilis",60.21,64.05,1.0637767812655705,*
"Soricomorpha","Talpidae","Scapanus","orarius","Scapanus orarius",62.13,64.07,1.0312248511186222,36
"Afrosoricida","Tenrecidae","Hemicentetes","semispinosus","Hemicentetes semispinosus",134,64.1,0.47835820895522385,32.4
"Rodentia","Muridae","Meriones","hurrianae","Meriones hurrianae",71.02,64.49,0.9080540692762602,*
"Rodentia","Cricetidae","Abrothrix","andinus","Abrothrix andinus",24.91,64.8,2.6013649136892814,*
"Rodentia","Gliridae","Graphiurus","ocularis","Graphiurus ocularis",68.8,66.44,0.9656976744186047,*
"Soricomorpha","Soricidae","Neomys","anomalus","Neomys anomalus",13.19,66.81,5.0652009097801365,24
"Soricomorpha","Soricidae","Neomys","fodiens","Neomys fodiens",15.26,66.83,4.379423328964613,36
"Rodentia","Sciuridae","Glaucomys","volans","Glaucomys volans",71.9,67.05,0.9325452016689846,144
"Rodentia","Bathyergidae","Cryptomys","darlingi","Cryptomys darlingi",65.58,67.23,1.0251601097895702,*
"Rodentia","Cricetidae","Phenacomys","intermedius","Phenacomys intermedius",25.2,67.29,2.6702380952380955,*
"Didelphimorphia","Didelphidae","Monodelphis","brevicaudata","Monodelphis brevicaudata",78.84,68.14,0.8642820903094876,12
"Rodentia","Cricetidae","Microtus","californicus","Microtus californicus",57.42,68.2,1.1877394636015326,*
"Rodentia","Heteromyidae","Dipodomys","panamintinus","Dipodomys panamintinus",73.67,68.28,0.926835889778743,*
"Rodentia","Muridae","Thallomys","nigricauda","Thallomys nigricauda",124.49,68.46,0.5499236886496907,*
"Afrosoricida","Tenrecidae","Oryzorictes","hova","Oryzorictes hova",35.74,68.7,1.9222160044767767,*
"Rodentia","Bathyergidae","Cryptomys","bocagei","Cryptomys bocagei",93.84,69.56,0.7412617220801364,*
"Rodentia","Muridae","Apodemus","mystacinus","Apodemus mystacinus",43.84,70.64,1.6113138686131385,*
"Chiroptera","Phyllostomidae","Phyllostomus","hastatus","Phyllostomus hastatus",91.44,70.72,0.773403324584427,120
"Rodentia","Cricetidae","Calomys","venustus","Calomys venustus",49.33,70.78,1.4348266774782081,*
"Rodentia","Cricetidae","Phyllotis","darwini","Phyllotis darwini",50.82,71.39,1.4047619047619047,*
"Rodentia","Cricetidae","Microtus","longicaudus","Microtus longicaudus",44.8,71.82,1.603125,*
"Afrosoricida","Tenrecidae","Limnogale","mergulus","Limnogale mergulus",76.86,72.31,0.9408014571948998,*
"Afrosoricida","Tenrecidae","Hemicentetes","nigriceps","Hemicentetes nigriceps",102.99,72.45,0.7034663559568891,31.2
"Rodentia","Sciuridae","Tamias","minimus","Tamias minimus",42.87,72.73,1.6965243760205273,75.96
"Rodentia","Heteromyidae","Dipodomys","heermanni","Dipodomys heermanni",63.08,73.17,1.1599556119213696,28.8
"Rodentia","Octodontidae","Tympanoctomys","barrerae","Tympanoctomys barrerae",86.02,73.18,0.850732387816787,*
"Rodentia","Bathyergidae","Cryptomys","hottentotus","Cryptomys hottentotus",75.13,74.55,0.992280047916944,*
"Rodentia","Bathyergidae","Heliophobius","argenteocinereus","Heliophobius argenteocinereus",159.46,74.8,0.46908315565031977,37.2
"Rodentia","Cricetidae","Phodopus","sungorus","Phodopus sungorus",30.43,76.1,2.5008215576733486,38.4
"Soricomorpha","Talpidae","Scapanus","latimanus","Scapanus latimanus",62.46,76.25,1.2207813000320205,36
"Primates","Tarsiidae","Tarsius","syrichta","Tarsius syrichta",115.91,76.7,0.6617203002329394,180
"Rodentia","Cricetidae","Reithrodon","auritus","Reithrodon auritus",79.73,76.81,0.9633763953342531,66
"Rodentia","Bathyergidae","Cryptomys","damarensis","Cryptomys damarensis",112.2,76.87,0.6851158645276293,*
"Rodentia","Cricetidae","Microtus","canicaudus","Microtus canicaudus",29.93,77.82,2.600066822586034,*
"Chiroptera","Phyllostomidae","Artibeus","fimbriatus","Artibeus fimbriatus",63.89,77.95,1.2200657379871656,*
"Macroscelidea","Macroscelididae","Elephantulus","myurus","Elephantulus myurus",59.51,78.24,1.3147370189884053,13.2
"Rodentia","Sciuridae","Tamias","merriami","Tamias merriami",74.77,78.75,1.0532299050421292,*
"Dasyuromorphia","Dasyuridae","Dasyuroides","byrnei","Dasyuroides byrnei",109.47,79.64,0.7275052525806157,84
"Rodentia","Geomyidae","Thomomys","umbrinus","Thomomys umbrinus",125.56,81,0.6451099076138898,*
"Rodentia","Cricetidae","Chionomys","nivalis","Chionomys nivalis",42.01,81.01,1.9283503927636279,*
"Rodentia","Muridae","Gerbillus","pyramidum","Gerbillus pyramidum",42.8,81.37,1.9011682242990657,98.4
"Rodentia","Cricetidae","Microtus","montanus","Microtus montanus",42.85,81.62,1.904784130688448,*
"Rodentia","Cricetidae","Microtus","ochrogaster","Microtus ochrogaster",42.5,82.47,1.9404705882352942,*
"Rodentia","Muridae","Acomys","subspinosus","Acomys subspinosus",21.92,83.43,3.8061131386861313,*
"Rodentia","Muridae","Pseudomys","gracilicaudatus","Pseudomys gracilicaudatus",79.53,83.79,1.053564692568842,*
"Rodentia","Muridae","Parotomys","brantsii","Parotomys brantsii",129.5,83.9,0.6478764478764479,*
"Rodentia","Cricetidae","Graomys","griseoflavus","Graomys griseoflavus",68.32,83.97,1.229069086651054,*
"Rodentia","Cricetidae","Chelemys","macronyx","Chelemys macronyx",70.99,84.32,1.187772925764192,*
"Rodentia","Cricetidae","Euneomys","chinchilloides","Euneomys chinchilloides",75.57,84.36,1.1163159984120683,*
"Rodentia","Muridae","Rattus","fuscipes","Rattus fuscipes",124.58,84.36,0.6771552416118157,41
"Afrosoricida","Chrysochloridae","Amblysomus","hottentotus","Amblysomus hottentotus",62.6,84.7,1.3530351437699681,12
"Chiroptera","Phyllostomidae","Artibeus","lituratus","Artibeus lituratus",59.3,84.82,1.43035413153457,*
"Rodentia","Muridae","Otomys","irroratus","Otomys irroratus",114.45,84.86,0.7414591524683267,*
"Primates","Lorisidae","Arctocebus","calabarensis","Arctocebus calabarensis",258.01,87.55,0.33932793302585174,156
"Rodentia","Muridae","Desmodillus","auricularis","Desmodillus auricularis",54.81,87.75,1.6009852216748768,*
"Rodentia","Sciuridae","Funisciurus","lemniscatus","Funisciurus lemniscatus",140.99,89.58,0.6353642102276756,*
"Rodentia","Cricetidae","Microtus","townsendii","Microtus townsendii",52.02,90.41,1.737985390234525,*
"Rodentia","Cricetidae","Neotoma","lepida","Neotoma lepida",143.88,90.69,0.6303169307756463,*
"Rodentia","Cricetidae","Peromyscus","megalops","Peromyscus megalops",66.2,90.69,1.3699395770392748,*
"Diprotodontia","Petauridae","Petaurus","breviceps","Petaurus breviceps",120.76,91.08,0.7542232527326929,168
"Rodentia","Cricetidae","Oxymycterus","roberti","Oxymycterus roberti",83.71,91.56,1.093776131883885,*
"Chiroptera","Pteropodidae","Dobsonia","minor","Dobsonia minor",85.95,92.01,1.0705061082024434,*
"Rodentia","Dipodidae","Jaculus","jaculus","Jaculus jaculus",59.8,92.25,1.5426421404682276,72
"Rodentia","Muridae","Tatera","indica","Tatera indica",138.28,92.48,0.6687879664448945,84
"Rodentia","Cricetidae","Myopus","schisticolor","Myopus schisticolor",29.99,93.45,3.1160386795598534,12
"Scandentia","Tupaiidae","Tupaia","glis","Tupaia glis",132.43,93.48,0.7058823529411765,149
"Rodentia","Sciuridae","Spermophilus","tereticaudus","Spermophilus tereticaudus",147.57,93.52,0.6337331435928711,*
"Rodentia","Sciuridae","Ammospermophilus","leucurus","Ammospermophilus leucurus",103.92,93.88,0.9033872209391839,69.6
"Rodentia","Heteromyidae","Dipodomys","deserti","Dipodomys deserti",107.63,93.99,0.8732695345163988,*
"Afrosoricida","Tenrecidae","Setifer","setosus","Setifer setosus",263.22,94.59,0.35935719170275815,126
"Rodentia","Sciuridae","Funisciurus","congicus","Funisciurus congicus",112,95.45,0.8522321428571429,114
"Rodentia","Sciuridae","Tamias","amoenus","Tamias amoenus",50.63,96.27,1.901441832905392,62
"Rodentia","Cricetidae","Dicrostonyx","groenlandicus","Dicrostonyx groenlandicus",58.44,97.41,1.6668377823408624,*
"Rodentia","Muridae","Stochomys","longicaudatus","Stochomys longicaudatus",70.95,97.5,1.3742071881606766,*
"Didelphimorphia","Didelphidae","Marmosa","robinsoni","Marmosa robinsoni",60.57,97.6,1.6113587584612843,24
"Rodentia","Cricetidae","Loxodontomys","micropus","Loxodontomys micropus",70.76,97.81,1.382278123233465,*
"Rodentia","Cricetidae","Microtus","xanthognathus","Microtus xanthognathus",92.65,98.64,1.0646519158121963,*
"Rodentia","Heteromyidae","Heteromys","desmarestianus","Heteromys desmarestianus",74,98.99,1.3377027027027026,*
"Rodentia","Muridae","Meriones","unguiculatus","Meriones unguiculatus",57.75,99.4,1.7212121212121214,24
"Rodentia","Heteromyidae","Heteromys","anomalus","Heteromys anomalus",69.06,100.48,1.454966695626991,*
"Rodentia","Cricetidae","Microtus","oeconomus","Microtus oeconomus",33.1,100.66,3.041087613293051,21.6
"Rodentia","Cricetidae","Lemmus","sibiricus","Lemmus sibiricus",53.81,101.47,1.8857089760267607,*
"Rodentia","Spalacidae","Spalax","ehrenbergi","Spalax ehrenbergi",164.35,101.55,0.6178886522665045,*
"Chiroptera","Phyllostomidae","Chrotopterus","auritus","Chrotopterus auritus",78.26,101.86,1.301558906210069,*
"Rodentia","Sciuridae","Funisciurus","isabella","Funisciurus isabella",109.31,102.06,0.9336748696368128,*
"Chiroptera","Pteropodidae","Rousettus","amplexicaudatus","Rousettus amplexicaudatus",74.37,102.5,1.3782439155573483,*
"Diprotodontia","Petauridae","Gymnobelideus","leadbeateri","Gymnobelideus leadbeateri",137.32,102.92,0.7494902417710457,132
"Rodentia","Sciuridae","Spermophilus","tridecemlineatus","Spermophilus tridecemlineatus",174.91,103.74,0.5931050254416557,*
"Rodentia","Cricetidae","Microtus","pennsylvanicus","Microtus pennsylvanicus",42.53,105.57,2.48224782506466,11
"Rodentia","Muridae","Myotomys","unisulcatus","Myotomys unisulcatus",102.5,106.56,1.039609756097561,*
"Rodentia","Muridae","Rattus","sordidus","Rattus sordidus",157.5,106.59,0.6767619047619048,*
"Rodentia","Bathyergidae","Georychus","capensis","Georychus capensis",188.36,109.74,0.5826077723508175,36
"Rodentia","Cricetidae","Auliscomys","boliviensis","Auliscomys boliviensis",70.91,110.59,1.5595825694542378,*
"Rodentia","Sciuridae","Spermophilus","spilosoma","Spermophilus spilosoma",106.64,111.78,1.0481995498874719,*
"Erinaceomorpha","Erinaceidae","Paraechinus","aethiopicus","Paraechinus aethiopicus",352.4,112.5,0.3192395005675369,54
"Rodentia","Sciuridae","Spermophilus","mohavensis","Spermophilus mohavensis",213.18,112.8,0.5291303124120461,*
"Rodentia","Cricetidae","Arvicola","amphibius","Arvicola amphibius",120,113.1,0.9425,60
"Rodentia","Sciuridae","Tamias","palmeri","Tamias palmeri",60.74,113.12,1.862364175172868,*
"Primates","Cebidae","Callithrix","pygmaea","Callithrix pygmaea",123.94,113.99,0.9197192189769243,181.2
"Rodentia","Muridae","Gerbilliscus","leucogaster","Gerbilliscus leucogaster",73.75,114.17,1.5480677966101695,*
"Pilosa","Cyclopedidae","Cyclopes","didactylus","Cyclopes didactylus",263.95,114.48,0.43371850729304795,27.6
"Rodentia","Octodontidae","Octomys","mimax","Octomys mimax",124.43,115.04,0.9245358836293498,*
"Rodentia","Geomyidae","Thomomys","bottae","Thomomys bottae",122.7,120.12,0.9789731051344743,54
"Rodentia","Octodontidae","Aconaemys","fuscus","Aconaemys fuscus",129.95,120.96,0.9308195459792228,*
"Rodentia","Cricetidae","Isthmomys","pirrensis","Isthmomys pirrensis",137.71,121.35,0.8811996223948877,*
"Chiroptera","Pteropodidae","Rousettus","aegyptiacus","Rousettus aegyptiacus",134,122.64,0.915223880597015,274.8
"Rodentia","Muridae","Rattus","colletti","Rattus colletti",146.48,122.94,0.8392954669579466,*
"Dasyuromorphia","Dasyuridae","Phascogale","tapoatafa","Phascogale tapoatafa",192.65,123.12,0.6390864261614326,60
"Rodentia","Cricetidae","Megadontomys","thomasi","Megadontomys thomasi",110.52,124.2,1.1237785016286646,*
"Rodentia","Octodontidae","Octodontomys","gliroides","Octodontomys gliroides",155.77,125.82,0.8077293445464466,88
"Primates","Cheirogaleidae","Microcebus","murinus","Microcebus murinus",69,125.84,1.8237681159420291,186
"Chiroptera","Pteropodidae","Pteropus","pumilus","Pteropus pumilus",184.05,126.2,0.6856832382504754,*
"Rodentia","Nesomyidae","Mystromys","albicaudatus","Mystromys albicaudatus",86.85,126.79,1.4598733448474384,72
"Rodentia","Spalacidae","Spalax","leucodon","Spalax leucodon",188.67,127.74,0.6770551757036095,54
"Rodentia","Geomyidae","Thomomys","talpoides","Thomomys talpoides",104.64,128.1,1.224197247706422,45
"Rodentia","Cricetidae","Microtus","richardsoni","Microtus richardsoni",85.5,128.11,1.4983625730994155,18
"Rodentia","Sciuridae","Spermophilus","townsendii","Spermophilus townsendii",207.29,129.36,0.6240532587196682,*
"Rodentia","Sciuridae","Heliosciurus","rufobrachium","Heliosciurus rufobrachium",332.88,133.4,0.40074501321797645,106.8
"Afrosoricida","Tenrecidae","Echinops","telfairi","Echinops telfairi",152.25,133.86,0.8792118226600986,156
"Rodentia","Cricetidae","Neotoma","albigula","Neotoma albigula",208.18,134.5,0.6460755115765203,92.4
"Chiroptera","Pteropodidae","Pteropus","rodricensis","Pteropus rodricensis",256.17,134.9,0.5266034274114846,360
"Rodentia","Geomyidae","Geomys","pinetis","Geomys pinetis",201.15,139,0.6910265970668655,*
"Rodentia","Dipodidae","Jaculus","orientalis","Jaculus orientalis",138.26,139,1.0053522349197166,*
"Chiroptera","Megadermatidae","Macroderma","gigas","Macroderma gigas",124.37,139.12,1.1185977325721637,*
"Chiroptera","Pteropodidae","Dobsonia","praedatrix","Dobsonia praedatrix",178.74,141.8,0.7933310954458991,*
"Rodentia","Sciuridae","Paraxerus","cepapi","Paraxerus cepapi",222.85,145.34,0.6521875701144267,*
"Rodentia","Muridae","Rattus","villosissimus","Rattus villosissimus",221.76,145.84,0.6576479076479077,*
"Erinaceomorpha","Erinaceidae","Atelerix","albiventris","Atelerix albiventris",293.44,146.7,0.4999318429661941,*
"Peramelemorphia","Peramelidae","Isoodon","auratus","Isoodon auratus",425,148.08,0.34842352941176474,*
"Rodentia","Cricetidae","Neotoma","fuscipes","Neotoma fuscipes",213.26,148.54,0.6965206789834005,*
"Primates","Tarsiidae","Tarsius","tarsier","Tarsius tarsier",168.04,149,0.886693644370388,144
"Erinaceomorpha","Erinaceidae","Hemiechinus","auritus","Hemiechinus auritus",322.04,151.43,0.470221090547758,81.6
"Primates","Cebidae","Callithrix","jacchus","Callithrix jacchus",290.21,152,0.5237586575238621,201.6
"Rodentia","Muridae","Apodemus","flavicollis","Apodemus flavicollis",31.6,152.28,4.818987341772152,48
"Macroscelidea","Macroscelididae","Petrodromus","tetradactylus","Petrodromus tetradactylus",201,153.92,0.7657711442786069,*
"Rodentia","Spalacidae","Tachyoryctes","splendens","Tachyoryctes splendens",227.13,154.22,0.6789944084885308,*
"Rodentia","Cricetidae","Sigmodon","ochrognathus","Sigmodon ochrognathus",122,154.23,1.2641803278688524,*
"Rodentia","Cricetidae","Sigmodon","hispidus","Sigmodon hispidus",110.65,159.64,1.4427474017171258,62.4
"Rodentia","Sciuridae","Spermophilus","richardsonii","Spermophilus richardsonii",325.1,161.47,0.4966779452476161,*
"Rodentia","Muridae","Conilurus","penicillatus","Conilurus penicillatus",175.02,162.67,0.9294366358130498,*
"Rodentia","Bathyergidae","Cryptomys","mechowi","Cryptomys mechowi",271.54,163.2,0.6010164248361198,*
"Dasyuromorphia","Myrmecobiidae","Myrmecobius","fasciatus","Myrmecobius fasciatus",511.44,164.8,0.32222743625840766,72
"Lagomorpha","Ochotonidae","Ochotona","princeps","Ochotona princeps",157.63,166.77,1.0579838863160567,84
"Primates","Galagidae","Galago","senegalensis","Galago senegalensis",215.2,167.6,0.7788104089219331,204
"Rodentia","Cricetidae","Neotoma","cinerea","Neotoma cinerea",285.89,168.59,0.589702333065165,*
"Rodentia","Octodontidae","Octodon","lunatus","Octodon lunatus",200.55,171.46,0.8549488905509848,*
"Rodentia","Spalacidae","Cannomys","badius","Cannomys badius",472.07,172,0.36435274429639675,48
"Chiroptera","Pteropodidae","Dobsonia","pannietensis","Dobsonia pannietensis",239.19,173.8,0.7266190058112798,*
"Rodentia","Caviidae","Microcavia","niata","Microcavia niata",254.67,175.83,0.6904229002238191,*
"Rodentia","Octodontidae","Octodon","degus","Octodon degus",203.27,177.25,0.8719929158262409,85.2
"Rodentia","Sciuridae","Funisciurus","pyrropus","Funisciurus pyrropus",243.18,181.29,0.7454971625956082,*
"Rodentia","Sciuridae","Spermophilus","beldingi","Spermophilus beldingi",272.53,182,0.6678163871867318,*
"Rodentia","Octodontidae","Octodon","bridgesi","Octodon bridgesi",162.25,183.32,1.1298613251155623,*
"Rodentia","Muridae","Meriones","tristrami","Meriones tristrami",111.62,184.01,1.648539688227916,*
"Rodentia","Octodontidae","Spalacopus","cyanus","Spalacopus cyanus",100.86,185.12,1.835415427325005,72
"Rodentia","Cricetidae","Sigmodon","leucotis","Sigmodon leucotis",131.78,186.47,1.4150098649263925,*
"Rodentia","Ctenomyidae","Ctenomys","maulinus","Ctenomys maulinus",215,187.05,0.8700000000000001,*
"Rodentia","Ctenomyidae","Ctenomys","fulvus","Ctenomys fulvus",279.88,189,0.6752894097470344,*
"Rodentia","Sciuridae","Spermophilus","armatus","Spermophilus armatus",306.48,190.34,0.6210519446619681,60
"Rodentia","Cricetidae","Lemmus","lemmus","Lemmus lemmus",67.62,192,2.839396628216504,24
"Rodentia","Geomyidae","Geomys","bursarius","Geomys bursarius",203.75,194.05,0.9523926380368099,86.4
"Primates","Cheirogaleidae","Cheirogaleus","medius","Cheirogaleus medius",196.76,195,0.9910550924984753,231.6
"Rodentia","Cricetidae","Sigmodon","alleni","Sigmodon alleni",174.09,203.25,1.1674995691883507,*
"Carnivora","Mustelidae","Mustela","nivalis","Mustela nivalis",78.45,204.6,2.6080305927342256,120
"Rodentia","Sciuridae","Spermophilus","lateralis","Spermophilus lateralis",175.1,204.67,1.1688749286122215,*
"Didelphimorphia","Didelphidae","Metachirus","nudicaudatus","Metachirus nudicaudatus",363.77,204.96,0.5634329383951399,48
"Carnivora","Mustelidae","Mustela","frenata","Mustela frenata",190.03,206.4,1.0861442930063674,85.23
"Rodentia","Echimyidae","Thrichomys","apereoides","Thrichomys apereoides",297.53,206.72,0.6947870802944242,*
"Rodentia","Cricetidae","Sigmodon","fulviventer","Sigmodon fulviventer",195.94,207.38,1.0583852199652954,*
"Cingulata","Dasypodidae","Tolypeutes","matacus","Tolypeutes matacus",1303.47,209.96,0.16107773865144576,*
"Didelphimorphia","Didelphidae","Caluromys","derbianus","Caluromys derbianus",326.72,215.11,0.6583925073457395,60
"Primates","Galagidae","Euoticus","elegantulus","Euoticus elegantulus",295.48,215.66,0.7298632733179911,180
"Chiroptera","Pteropodidae","Pteropus","hypomelanus","Pteropus hypomelanus",435.61,216.2,0.4963155115814604,*
"Rodentia","Cricetidae","Neofiber","alleni","Neofiber alleni",265.38,216.8,0.816941743914387,*
"Rodentia","Bathyergidae","Bathyergus","janetta","Bathyergus janetta",388.69,217.21,0.5588257994803056,*
"Rodentia","Sciuridae","Paraxerus","palliatus","Paraxerus palliatus",365.37,217.69,0.5958069901743438,*
"Rodentia","Ctenomyidae","Ctenomys","peruanus","Ctenomys peruanus",488.36,220.5,0.45151118027684495,*
"Scandentia","Tupaiidae","Urogale","everetti","Urogale everetti",300.79,224.11,0.7450713122111772,138
"Primates","Lepilemuridae","Lepilemur","mustelinus","Lepilemur mustelinus",669.03,225,0.3363077888883907,144
"Rodentia","Cricetidae","Cricetus","cricetus","Cricetus cricetus",428.95,231.68,0.5401095698799394,48
"Rodentia","Sciuridae","Tamiasciurus","hudsonicus","Tamiasciurus hudsonicus",200.24,233.67,1.166949660407511,144
"Primates","Cebidae","Saguinus","geoffroyi","Saguinus geoffroyi",492.5,234,0.4751269035532995,*
"Primates","Lorisidae","Nycticebus","coucang","Nycticebus coucang",924.55,240,0.25958574441620247,318
"Rodentia","Sciuridae","Epixerus","ebii","Epixerus ebii",520.96,241.5,0.46356726044226043,*
"Chiroptera","Pteropodidae","Pteropus","scapulatus","Pteropus scapulatus",380.35,242.54,0.6376758248981201,*
"Rodentia","Muridae","Gerbilliscus","afra","Gerbilliscus afra",92.13,252.67,2.742537718441333,*
"Carnivora","Felidae","Leptailurus","serval","Leptailurus serval",11999.96,258.06,0.02150507168357228,276
"Carnivora","Mephitidae","Spilogale","putorius","Spilogale putorius",566.49,261,0.46073187523168985,120
"Rodentia","Caviidae","Galea","musteloides","Galea musteloides",386.64,262.83,0.6797796399751707,21.6
"Rodentia","Chinchillidae","Chinchilla","lanigera","Chinchilla lanigera",480.28,282.1,0.5873657033397186,135.6
"Primates","Lorisidae","Loris","tardigradus","Loris tardigradus",249.22,284,1.1395554128882113,196.8
"Afrosoricida","Tenrecidae","Tenrec","ecaudatus","Tenrec ecaudatus",887.59,287.32,0.32370801834180196,75.6
"Carnivora","Herpestidae","Suricata","suricatta","Suricata suricatta",729.99,290.12,0.3974301017822162,150
"Dasyuromorphia","Dasyuridae","Dasyurus","hallucatus","Dasyurus hallucatus",470.92,297.84,0.6324641128004755,34.8
"Cingulata","Dasypodidae","Chaetophractus","vellerosus","Chaetophractus vellerosus",930.16,303.6,0.32639545884579,*
"Rodentia","Sciuridae","Xerus","inauris","Xerus inauris",572.6,310.21,0.5417568983583653,156
"Rodentia","Echimyidae","Proechimys","semispinosus","Proechimys semispinosus",353.32,313.74,0.88797690478886,31
"Chiroptera","Pteropodidae","Pteropus","poliocephalus","Pteropus poliocephalus",702.78,316.94,0.45098039215686275,*
"Rodentia","Sciuridae","Spermophilus","beecheyi","Spermophilus beecheyi",597.82,317.78,0.5315646850222474,60
"Peramelemorphia","Peramelidae","Perameles","nasuta","Perameles nasuta",720.26,318.5,0.4422014272623775,*
"Rodentia","Bathyergidae","Bathyergus","suillus","Bathyergus suillus",777.38,322.78,0.41521521006457585,*
"Didelphimorphia","Didelphidae","Philander","opossum","Philander opossum",425.81,337.95,0.7936638406801155,42
"Peramelemorphia","Peramelidae","Echymipera","kalubu","Echymipera kalubu",825.16,343.51,0.416295021571574,*
"Primates","Lorisidae","Perodicticus","potto","Perodicticus potto",1081.81,347.82,0.32151671735332454,312
"Rodentia","Sciuridae","Xerus","princeps","Xerus princeps",624.9,354.25,0.566890702512402,*
"Rodentia","Caviidae","Kerodon","rupestris","Kerodon rupestris",799.15,360.45,0.45104173184008006,132
"Carnivora","Herpestidae","Galerella","sanguinea","Galerella sanguinea",543.83,372.6,0.6851405770185536,72
"Chiroptera","Pteropodidae","Pteropus","giganteus","Pteropus giganteus",824.85,377,0.4570527974783294,376.8
"Rodentia","Sciuridae","Sciurus","carolinensis","Sciurus carolinensis",545.4,391,0.716905023835717,288
"Peramelemorphia","Peramelidae","Echymipera","rufescens","Echymipera rufescens",1051.48,392.92,0.3736828089930384,34.8
"Chiroptera","Pteropodidae","Dobsonia","moluccensis","Dobsonia moluccensis",447.64,394.2,0.880618354034492,*
"Cingulata","Dasypodidae","Zaedyus","pichiy","Zaedyus pichiy",1444.76,396.72,0.27459231983166754,108
"Peramelemorphia","Thylacomyidae","Macrotis","lagotis","Macrotis lagotis",1229.58,400.19,0.3254688592852844,120
"Erinaceomorpha","Erinaceidae","Erinaceus","europaeus","Erinaceus europaeus",777.95,404.6,0.5200848383572209,168
"Didelphimorphia","Didelphidae","Lutreolina","crassicaudata","Lutreolina crassicaudata",554.77,406,0.7318348144276007,36
"Dasyuromorphia","Dasyuridae","Dasyurus","viverrinus","Dasyurus viverrinus",1101.49,409.5,0.3717691490617255,81.6
"Monotremata","Tachyglossidae","Tachyglossus","aculeatus","Tachyglossus aculeatus",4499.97,414.04,0.0920095022855708,600
"Rodentia","Aplodontiidae","Aplodontia","rufa","Aplodontia rufa",806.21,414.73,0.5144193200282805,120
"Rodentia","Sciuridae","Cynomys","ludovicianus","Cynomys ludovicianus",797.05,422.67,0.5302929552725676,102
"Rodentia","Sciuridae","Sciurus","aberti","Sciurus aberti",622.95,430.56,0.6911630146881772,*
"Diprotodontia","Pseudocheiridae","Pseudocheirus","peregrinus","Pseudocheirus peregrinus",895.22,434.65,0.48552311163736284,96
"Lagomorpha","Leporidae","Sylvilagus","audubonii","Sylvilagus audubonii",880.88,437.73,0.49692353101444015,*
"Carnivora","Procyonidae","Bassariscus","sumichrasti","Bassariscus sumichrasti",906,448.2,0.49470198675496685,276
"Primates","Galagidae","Otolemur","crassicaudatus","Otolemur crassicaudatus",1206.61,457.15,0.37887138346275934,225.6
"Primates","Aotidae","Aotus","trivirgatus","Aotus trivirgatus",912.4,459.45,0.5035620341955283,303.6
"Carnivora","Canidae","Vulpes","zerda","Vulpes zerda",1317.13,467.97,0.3552952252245412,175
"Monotremata","Ornithorhynchidae","Ornithorhynchus","anatinus","Ornithorhynchus anatinus",1484.25,477.34,0.3216035034529223,264
"Diprotodontia","Potoroidae","Potorous","tridactylus","Potorous tridactylus",1054.67,487.46,0.46219196525927536,144
"Diprotodontia","Potoroidae","Bettongia","penicillata","Bettongia penicillata",1184.35,492.2,0.41558660868831004,72
"Diprotodontia","Pseudocheiridae","Petauroides","volans","Petauroides volans",1257.17,493.5,0.392548342706237,180
"Rodentia","Dasyproctidae","Myoprocta","acouchy","Myoprocta acouchy",954.87,502.7,0.5264590991443862,120
"Erinaceomorpha","Erinaceidae","Echinosorex","gymnura","Echinosorex gymnura",756.53,504.84,0.6673099546614146,84
"Dasyuromorphia","Dasyuridae","Dasyurus","geoffroii","Dasyurus geoffroii",1106.62,507.09,0.4582331785075274,60
"Rodentia","Muridae","Hydromys","chrysogaster","Hydromys chrysogaster",626.17,528.3,0.843700592490857,74
"Didelphimorphia","Didelphidae","Chironectes","minimus","Chironectes minimus",974.33,548.68,0.5631356932456149,36
"Cingulata","Dasypodidae","Chaetophractus","nationi","Chaetophractus nationi",2110.04,559,0.2649238876988114,*
"Rodentia","Muridae","Uromys","caudimaculatus","Uromys caudimaculatus",644.42,570.83,0.8858042891282084,*
"Peramelemorphia","Peramelidae","Isoodon","macrourus","Isoodon macrourus",1505.77,573.87,0.38111398155096726,36
"Carnivora","Mustelidae","Martes","americana","Martes americana",873.69,584.85,0.6694021907083748,228
"Carnivora","Herpestidae","Herpestes","javanicus","Herpestes javanicus",750,585,0.78,120
"Dasyuromorphia","Dasyuridae","Dasyurus","maculatus","Dasyurus maculatus",3284.15,588.06,0.1790600307537719,60
"Rodentia","Capromyidae","Capromys","pilorides","Capromys pilorides",5200,604.9,0.11632692307692308,136
"Didelphimorphia","Didelphidae","Didelphis","marsupialis","Didelphis marsupialis",1134.75,611.34,0.5387442167878388,32.4
"Diprotodontia","Phalangeridae","Trichosurus","vulpecula","Trichosurus vulpecula",2685.39,624.33,0.23249136996860795,176.4
"Carnivora","Mephitidae","Mephitis","mephitis","Mephitis mephitis",2399.99,638.4,0.26600110833795143,155
"Rodentia","Sciuridae","Marmota","monax","Marmota monax",3880.93,662.5,0.1707065059148194,120
"Rodentia","Sciuridae","Spermophilus","undulatus","Spermophilus undulatus",742.91,667.08,0.8979284166318936,*
"Hyracoidea","Procaviidae","Heterohyrax","brucei","Heterohyrax brucei",2453.66,669.24,0.2727517259930064,168
"Primates","Indriidae","Propithecus","verreauxi","Propithecus verreauxi",3588.26,670,0.186720025862117,247.2
"Pilosa","Bradypodidae","Bradypus","variegatus","Bradypus variegatus",4136.36,685.99,0.16584388206055567,*
"Carnivora","Viverridae","Arctogalidia","trivirgata","Arctogalidia trivirgata",2323.79,690,0.2969287241962484,190
"Carnivora","Viverridae","Paradoxurus","hermaphroditus","Paradoxurus hermaphroditus",3200,695.85,0.217453125,269
"Pilosa","Megalonychidae","Choloepus","hoffmanni","Choloepus hoffmanni",5893.5,697.74,0.1183914482056503,385.2
"Didelphimorphia","Didelphidae","Didelphis","virginiana","Didelphis virginiana",2442.08,719.07,0.29444981327393044,60
"Diprotodontia","Macropodidae","Lagorchestes","conspicillatus","Lagorchestes conspicillatus",2821.01,723.2,0.2563620830837182,72
"Rodentia","Caviidae","Dolichotis","salinicola","Dolichotis salinicola",1607.6,725.85,0.45151157004229914,*
"Carnivora","Procyonidae","Potos","flavus","Potos flavus",2441.81,731.33,0.2995032373526196,348
"Primates","Cebidae","Saimiri","sciureus","Saimiri sciureus",749.47,738.81,0.9857766154749356,324
"Primates","Lemuridae","Eulemur","fulvus","Eulemur fulvus",2376.99,746,0.313842296349585,444
"Hyracoidea","Procaviidae","Dendrohyrax","dorsalis","Dendrohyrax dorsalis",3174.99,751.4,0.23666216271547313,120
"Hyracoidea","Procaviidae","Procavia","capensis","Procavia capensis",2952.48,780,0.26418468541700535,168
"Diprotodontia","Macropodidae","Setonix","brachyurus","Setonix brachyurus",3027.67,784.52,0.25911674654106953,144
"Rodentia","Pedetidae","Pedetes","capensis","Pedetes capensis",2549.25,793.5,0.3112680200058841,174
"Cingulata","Dasypodidae","Chaetophractus","villosus","Chaetophractus villosus",4372.8,808.12,0.18480607391145262,240
"Carnivora","Nandiniidae","Nandinia","binotata","Nandinia binotata",2167.2,809.25,0.37340808416389815,222
"Cingulata","Dasypodidae","Cabassous","centralis","Cabassous centralis",3669.69,811.53,0.2211440203395927,*
"Carnivora","Eupleridae","Fossa","fossana","Fossa fossana",1853.98,812.6,0.4383003052891617,132
"Carnivora","Viverridae","Genetta","tigrina","Genetta tigrina",2066.57,826.86,0.40011226331554217,180
"Carnivora","Ailuridae","Ailurus","fulgens","Ailurus fulgens",5170.08,838.36,0.16215609816482532,168
"Rodentia","Cricetidae","Ondatra","zibethicus","Ondatra zibethicus",991.31,841.27,0.8486447226397393,120
"Carnivora","Mustelidae","Mustela","putorius","Mustela putorius",975.55,847.8,0.8690482292040388,168
"Pholidota","Manidae","Manis","tricuspis","Manis tricuspis",1539.31,864.04,0.5613164339866563,*
"Cingulata","Dasypodidae","Dasypus","novemcinctus","Dasypus novemcinctus",3949.01,866.97,0.2195411001744741,180
"Artiodactyla","Tragulidae","Tragulus","javanicus","Tragulus javanicus",1889.93,872.1,0.46144566200864584,144
"Pilosa","Myrmecophagidae","Tamandua","tetradactyla","Tamandua tetradactyla",4800,897.75,0.18703125,108
"Pilosa","Myrmecophagidae","Tamandua","mexicana","Tamandua mexicana",4178.51,910,0.2177809793443117,114
"Rodentia","Erethizontidae","Coendou","prehensilis","Coendou prehensilis",4116.2,918.4,0.22311841018415043,207.6
"Carnivora","Felidae","Leopardus","wiedii","Leopardus wiedii",3270.81,918.6,0.28084786337329287,240
"Carnivora","Mustelidae","Martes","martes","Martes martes",1299.99,948.6,0.7296979207532366,204
"Rodentia","Sciuridae","Marmota","marmota","Marmota marmota",4059.15,1008.72,0.24850522892723848,216
"Rodentia","Nesomyidae","Cricetomys","gambianus","Cricetomys gambianus",1267.52,1022.38,0.806598712446352,*
"Diprotodontia","Phascolarctidae","Phascolarctos","cinereus","Phascolarctos cinereus",6528.74,1034.1,0.15839197149832893,240
"Carnivora","Procyonidae","Nasua","nasua","Nasua nasua",3775.5,1054.97,0.2794252416898424,212.4
"Diprotodontia","Phalangeridae","Spilocuscus","maculatus","Spilocuscus maculatus",4060.46,1062.5,0.2616698600651158,132
"Pholidota","Manidae","Manis","javanica","Manis javanica",4861.71,1105.64,0.2274179249687867,*
"Diprotodontia","Potoroidae","Aepyprymnus","rufescens","Aepyprymnus rufescens",2810.31,1111.23,0.39541189406150923,96
"Carnivora","Canidae","Vulpes","velox","Vulpes velox",2088,1114.2,0.5336206896551724,240
"Monotremata","Tachyglossidae","Zaglossus","bruijni","Zaglossus bruijni",8951.71,1215.4,0.13577294170610982,372
"Cingulata","Dasypodidae","Euphractus","sexcinctus","Euphractus sexcinctus",4731.16,1236.69,0.26139255489140084,225.96
"Pholidota","Manidae","Manis","crassicaudata","Manis crassicaudata",8017.56,1240.98,0.15478275185966803,162
"Lagomorpha","Leporidae","Lepus","americanus","Lepus americanus",1568.42,1250.24,0.7971334208949134,96
"Lagomorpha","Leporidae","Lepus","californicus","Lepus californicus",2422.48,1311,0.5411809385423203,81.6
"Diprotodontia","Macropodidae","Macropus","parma","Macropus parma",4156.62,1376.25,0.3310983443278433,120
"Diprotodontia","Macropodidae","Macropus","eugenii","Macropus eugenii",5278.48,1385.65,0.26250928297540205,168
"Diprotodontia","Macropodidae","Thylogale","thetis","Thylogale thetis",5399.95,1399.2,0.2591135103102807,108
"Diprotodontia","Macropodidae","Dendrolagus","matschiei","Dendrolagus matschiei",8293.4,1426.8,0.1720404176815299,286
"Lagomorpha","Leporidae","Lepus","townsendii","Lepus townsendii",3371.64,1506.5,0.446815199724763,96
"Rodentia","Sciuridae","Marmota","flaviventris","Marmota flaviventris",3709.73,1546.2,0.41679583150256216,96
"Carnivora","Canidae","Cerdocyon","thous","Cerdocyon thous",5741.66,1556.56,0.2710992988090552,138
"Rodentia","Dasyproctidae","Dasyprocta","leporina","Dasyprocta leporina",3009.99,1558.46,0.5177625174834468,213.6
"Dasyuromorphia","Dasyuridae","Sarcophilus","harrisii","Sarcophilus harrisii",8202.25,1617,0.19714102837636013,98.4
"Carnivora","Canidae","Vulpes","lagopus","Vulpes lagopus",3584.37,1627.2,0.45397099071803415,180
"Carnivora","Mustelidae","Eira","barbara","Eira barbara",4134.99,1711.8,0.4139792357418035,216
"Carnivora","Canidae","Nyctereutes","procyonoides","Nyctereutes procyonoides",4214.99,1739.4,0.412670018196959,168
"Lagomorpha","Leporidae","Lepus","alleni","Lepus alleni",3930,1787.5,0.4548346055979644,*
"Artiodactyla","Bovidae","Philantomba","monticola","Philantomba monticola",4896.05,1806,0.3688687819773082,144
"Carnivora","Viverridae","Arctictis","binturong","Arctictis binturong",12999.99,1877.64,0.1444339572568902,272.4
"Rodentia","Dasyproctidae","Dasyprocta","azarae","Dasyprocta azarae",2976.81,1886.01,0.6335674765940722,*
"Rodentia","Chinchillidae","Lagostomus","maximus","Lagostomus maximus",4660.94,1899.52,0.40754010993490586,112.8
"Carnivora","Mustelidae","Taxidea","taxus","Taxidea taxus",7842.15,1998,0.25477707006369427,312
"Primates","Atelidae","Alouatta","palliata","Alouatta palliata",6576.99,2027.4,0.30825651247759234,300
"Carnivora","Hyaenidae","Proteles","cristata","Proteles cristata",8139.39,2038.47,0.250445057922031,300
"Carnivora","Procyonidae","Procyon","lotor","Procyon lotor",6373.72,2096.43,0.32891780624188066,252
"Artiodactyla","Bovidae","Madoqua","kirkii","Madoqua kirkii",4833.4,2145,0.44378698224852076,198
"Carnivora","Canidae","Vulpes","vulpes","Vulpes vulpes",4820.36,2152.8,0.4466056477109594,180
"Primates","Cercopithecidae","Macaca","mulatta","Macaca mulatta",6455.19,2239,0.34685268752740045,432
"Carnivora","Procyonidae","Nasua","narica","Nasua narica",4578.43,2305.8,0.5036224207861647,212
"Rodentia","Hystricidae","Hystrix","africaeaustralis","Hystrix africaeaustralis",14936.02,2361.7,0.1581211058903242,240
"Pilosa","Myrmecophagidae","Myrmecophaga","tridactyla","Myrmecophaga tridactyla",29531.83,2601,0.08807446067514271,312
"Carnivora","Felidae","Lynx","rufus","Lynx rufus",6374.47,2665.2,0.41810534836621704,388
"Rodentia","Cuniculidae","Cuniculus","paca","Cuniculus paca",8172.55,2746.8,0.3361007274351335,192
"Carnivora","Procyonidae","Procyon","cancrivorus","Procyon cancrivorus",6931.72,2779.8,0.40102600797493265,168
"Cingulata","Dasypodidae","Priodontes","maximus","Priodontes maximus",40641.89,3027.73,0.0744977657289068,180
"Primates","Cercopithecidae","Colobus","guereza","Colobus guereza",9925.88,3055,0.30778127480888345,294
"Carnivora","Felidae","Felis","silvestris","Felis silvestris",4573.08,3184.2,0.6962922144375344,336
"Diprotodontia","Vombatidae","Lasiorhinus","latifrons","Lasiorhinus latifrons",26163.8,3291.2,0.12579212499713344,294
"Carnivora","Mustelidae","Meles","meles","Meles meles",11884.03,3340.8,0.2811167592138357,194.4
"Primates","Cercopithecidae","Cercopithecus","mitis","Cercopithecus mitis",5041.29,3455.75,0.6854892299391624,325.2
"Carnivora","Felidae","Leopardus","pardalis","Leopardus pardalis",11880,3682.8,0.31,243.6
"Artiodactyla","Bovidae","Raphicerus","campestris","Raphicerus campestris",11661.53,3696,0.31693954395349494,168
"Carnivora","Canidae","Canis","latrans","Canis latrans",11989.1,3699,0.30853024830888054,262
"Carnivora","Mustelidae","Lutra","lutra","Lutra lutra",8868.69,4005,0.45158867882404274,264
"Carnivora","Hyaenidae","Hyaena","hyaena","Hyaena hyaena",35070.51,4582.8,0.13067389096993456,288
"Carnivora","Mustelidae","Gulo","gulo","Gulo gulo",12792.49,4906.8,0.38356879700511787,216
"Diprotodontia","Macropodidae","Macropus","robustus","Macropus robustus",25978.92,5453.5,0.20992019683651209,288
"Diprotodontia","Macropodidae","Macropus","rufus","Macropus rufus",38968.39,5568.64,0.14290146449468402,360
"Tubulidentata","Orycteropodidae","Orycteropus","afer","Orycteropus afer",56175.2,6144,0.10937210726441562,288
"Rodentia","Caviidae","Hydrochoerus","hydrochaeris","Hydrochoerus hydrochaeris",48144.91,6596.25,0.13700825279349363,144
"Artiodactyla","Bovidae","Oreamnos","americanus","Oreamnos americanus",72105.4,8320,0.11538664233191967,230.04
"Artiodactyla","Antilocapridae","Antilocapra","americana","Antilocapra americana",47450.01,8960,0.18883030793881814,144
"Primates","Hominidae","Pan","troglodytes","Pan troglodytes",45000,9000,0.2,720
"Carnivora","Canidae","Lycaon","pictus","Lycaon pictus",21999.99,10259.65,0.46634793924906326,132
"Carnivora","Canidae","Canis","lupus","Canis lupus",31756.51,11254.2,0.35439032815633714,354
"Sirenia","Trichechidae","Trichechus","inunguis","Trichechus inunguis",418001.19,11565.61,0.027668844674820184,360
"Carnivora","Mustelidae","Enhydra","lutris","Enhydra lutris",27410.93,12060,0.43997047892939056,360
"Carnivora","Otariidae","Arctocephalus","galapagoensis","Arctocephalus galapagoensis",39448.04,12433.8,0.3151943670712157,264
"Carnivora","Ursidae","Melursus","ursinus","Melursus ursinus",99999.99,12694.2,0.12694201269420127,480
"Carnivora","Phocidae","Pusa","hispida","Pusa hispida",70963.6,12813,0.1805573561656962,552
"Carnivora","Felidae","Puma","concolor","Puma concolor",53954.05,13300.8,0.24652088212098996,240
"Carnivora","Felidae","Panthera","onca","Panthera onca",83943.09,15861,0.18894944181826046,276
"Carnivora","Felidae","Acinonyx","jubatus","Acinonyx jubatus",50577.92,17115,0.33838876727235917,228
"Carnivora","Ursidae","Ursus","arctos","Ursus arctos",196287.5,20790.6,0.10591912373431828,600
"Artiodactyla","Bovidae","Ovis","canadensis","Ovis canadensis",74644.87,22100,0.2960685710886763,288
"Carnivora","Ursidae","Ursus","americanus","Ursus americanus",110500,24365.4,0.22050135746606336,384
"Carnivora","Phocidae","Pagophilus","groenlandicus","Pagophilus groenlandicus",132250,24601.2,0.18602041587901702,504
"Artiodactyla","Bovidae","Connochaetes","taurinus","Connochaetes taurinus",198619.68,26460,0.13321942719875493,258
"Artiodactyla","Bovidae","Kobus","ellipsiprymnus","Kobus ellipsiprymnus",204393.48,26700,0.1306303899713435,239.04
"Carnivora","Felidae","Panthera","leo","Panthera leo",158623.93,27420.6,0.1728654686591109,360
"Carnivora","Felidae","Panthera","tigris","Panthera tigris",161914.66,28497,0.17600012253368533,315.6
"Carnivora","Phocidae","Phoca","vitulina","Phoca vitulina",87316.66,32350.8,0.3704997419736394,480
"Carnivora","Phocidae","Phoca","largha","Phoca largha",98879.18,35845.2,0.36251514221699654,426.13
"Artiodactyla","Bovidae","Taurotragus","oryx","Taurotragus oryx",562592.69,36000,0.06398945567529504,300
"Carnivora","Phocidae","Halichoerus","grypus","Halichoerus grypus",197570.01,38605.8,0.19540313836092837,560.07
"Artiodactyla","Camelidae","Camelus","dromedarius","Camelus dromedarius",492714.47,40293,0.08177758611392112,480
"Carnivora","Ursidae","Ursus","maritimus","Ursus maritimus",371703.81,44346,0.11930466895133521,458.4
"Carnivora","Phocidae","Cystophora","cristata","Cystophora cristata",278896.81,62991,0.2258577285269057,420
"Artiodactyla","Cervidae","Capreolus","capreolus","Capreolus capreolus",22502.01,78470,3.4872440284223503,204
"Carnivora","Phocidae","Leptonychotes","weddellii","Leptonychotes weddellii",400000,113712,0.28428,300
